task,args,language,runs,warmup,mean_s,median_s,stdev_s,min_s,max_s
sieve_primes,5000000,c,3,1,0.017569660666665026,0.018747343999997668,0.002393497647601353,0.014232538999998212,0.019729098999999195
sieve_primes,5000000,cpp,3,1,0.017875512999998715,0.0183182379999991,0.00188720679762779,0.01537482599999862,0.019933474999998424
sieve_primes,5000000,rust,3,1,0.01897384399999898,0.01905410799999885,0.0006462132624328723,0.018145323999998908,0.019722099999999188
sieve_primes,5000000,go,3,1,0.01839883700000063,0.018349598000000356,0.001674334762474286,0.0163732670000023,0.020473645999999235
sieve_primes,5000000,java,3,1,0.05133722666666666,0.05075273499999966,0.0012630871131481326,0.05016767200000061,0.05309127299999972
sieve_primes,5000000,kotlin,3,1,0.06558265500000005,0.06479924599999975,0.0017970556524955121,0.0638806030000012,0.06806811599999918
sieve_primes,5000000,csharp,3,1,0.10023594166666783,0.09992029400000035,0.0005752345601715037,0.09974444500000246,0.10104308600000067
sieve_primes,5000000,swift,3,1,0.03251442466666651,0.03247681699999916,0.0009102649609753781,0.03141886199999888,0.03364759500000147
sieve_primes,5000000,node,3,1,0.05053566100000021,0.05027210499999768,0.0005023336072618982,0.050096114000002245,0.051238764000000714
sieve_primes,5000000,bun,3,1,0.03841844166666656,0.03774431400000111,0.0012602981110912657,0.03732662799999886,0.04018438299999971
sieve_primes,5000000,python,3,1,0.05123656866666456,0.05106676499999807,0.002448255729178916,0.048326589999998504,0.0543163509999971
sieve_primes,5000000,d,3,1,0.023807636000000798,0.024105322000000484,0.0011387292384858144,0.02228817499999991,0.025029411000002
sieve_primes,5000000,nim,3,1,0.02878988133333375,0.028851238000001445,0.000697199005595262,0.027906966999999838,0.02961143899999996
sieve_primes,5000000,pypy,3,1,0.14565013499999915,0.13585993499999915,0.016357423085750833,0.13239414899999957,0.16869632099999876
sieve_primes,5000000,deno,3,1,0.08125581833333347,0.07963541300000188,0.008607608392302995,0.07161771499999858,0.09251432699999995
sieve_primes,5000000,elixir,3,1,8.886547886,8.823012514000006,0.09567011441211683,8.814867041,9.021764102999999
sieve_primes,5000000,lua,3,1,0.4467015436666652,0.4460923870000002,0.003178217322619794,0.443149530999996,0.45086271299999936
sieve_primes,5000000,julia,3,1,1.1006417080000002,1.103699081000002,0.008632937318862416,1.0888767739999992,1.109349268999999
sort_ints,2000000,c,3,1,0.24692884700000187,0.24663231200000268,0.0004566336395845407,0.24658030300000178,0.24757392600000117
sort_ints,2000000,cpp,3,1,0.14912307699999872,0.148052081000003,0.004811157917050944,0.1438395899999989,0.15547755999999424
sort_ints,2000000,rust,3,1,0.03937281299999521,0.03943457100000103,0.00031458574048040056,0.038960376999995106,0.03972349099998951
sort_ints,2000000,go,3,1,0.29877377466666627,0.2983324309999915,0.0010080463650232936,0.2978205010000039,0.30016839200000334
sort_ints,2000000,java,3,1,0.2725100703333349,0.27056197100000645,0.015318120202318314,0.25479934300000195,0.29216889699999626
sort_ints,2000000,kotlin,3,1,0.2781163203333297,0.27929164399999706,0.0025101008075099737,0.27462781900000266,0.2804294979999895
sort_ints,2000000,csharp,3,1,0.35989444766667117,0.35365346900000816,0.011535273341160059,0.34996191300000135,0.37606796100000395
sort_ints,2000000,swift,3,1,0.17737050533332877,0.17785645499999703,0.0012608519120109545,0.1756417609999943,0.17861329999999498
sort_ints,2000000,node,3,1,1.613635754333335,1.5735345899999942,0.06316521636251102,1.5645582719999993,1.702814401000012
sort_ints,2000000,bun,3,1,1.155692894333337,1.1539326510000052,0.0038757361524832923,1.152077668000004,1.161068364000002
sort_ints,2000000,python,3,1,1.6145501673333342,1.6128409370000014,0.027042300081784106,1.5823179589999938,1.6484916060000074
sort_ints,2000000,d,3,1,0.1612795313333303,0.1588173119999965,0.0038422815708713492,0.1583156680000002,0.16670561399999428
sort_ints,2000000,nim,3,1,0.35970289800000427,0.36003362000001005,0.0008838408901899892,0.3584936360000057,0.360581437999997
sort_ints,2000000,pypy,3,1,0.44222023266666594,0.44274779999999225,0.0007557590394022351,0.4411514570000037,0.4427614410000018
sort_ints,2000000,deno,3,1,2.026829837333333,2.0265192389999953,0.0037905776862892076,2.0223504450000007,2.0316198280000037
sort_ints,2000000,elixir,3,1,2.092463974333332,2.0944103610000013,0.03166663738992349,2.0527438769999975,2.1302376849999973
sort_ints,2000000,lua,3,1,0.8152739890000001,0.8133342950000042,0.013833990346174697,0.7993842059999992,0.8331034659999972
sort_ints,2000000,julia,3,1,1.1569077823333345,1.1592030059999985,0.021063304700386254,1.1300396890000002,1.1814806520000047
matmul_f64,256,c,3,1,0.005757530666665882,0.005255535999992844,0.0008102896122108394,0.0051164209999967625,0.006900635000008037
matmul_f64,256,cpp,3,1,0.00568518499999963,0.005811606000008851,0.00020045891630745616,0.005402226999990489,0.0058417219999995496
matmul_f64,256,rust,3,1,0.006299395666663561,0.0062659639999935735,0.00011161486297211291,0.006182512999998835,0.0064497099999982765
matmul_f64,256,go,3,1,0.017312318666663867,0.01742351200000769,0.0003653532431605597,0.016819741999995586,0.01769370199998832
matmul_f64,256,java,3,1,0.05418930499999893,0.05382524200000205,0.0007170662292185774,0.05355165999999656,0.05519101299999818
matmul_f64,256,kotlin,3,1,0.06802114766666989,0.06828435599999239,0.0004884980442165473,0.06733638300001132,0.06844270400000596
matmul_f64,256,csharp,3,1,0.12158211199999869,0.10617126299999313,0.023936771690088003,0.10318518299999369,0.15538989000000925
matmul_f64,256,swift,3,1,0.019591427666668437,0.019407955000005472,0.0002693423572674607,0.019394077000001175,0.019972250999998664
matmul_f64,256,node,3,1,0.07822722766666838,0.07907804399999918,0.0013862652640840554,0.07627221799999973,0.07933142100000623
matmul_f64,256,bun,3,1,0.04941379933334152,0.04873796200000413,0.0012445150141655245,0.048344359000012105,0.051159077000008324
matmul_f64,256,python,3,1,1.3336435360000014,1.3306801000000092,0.011468294008397805,1.3213159749999903,1.3489345330000049
matmul_f64,256,d,3,1,0.006296056666670324,0.006681987000007439,0.000697661719320882,0.00531671299999914,0.006889470000004394
matmul_f64,256,nim,3,1,0.039379560000000424,0.039446933999997214,0.00044111961923153916,0.038808774000003154,0.039882972000000905
matmul_f64,256,pypy,3,1,0.13841187866667326,0.1368892420000094,0.0022039993611988056,0.1368178620000009,0.14152853200000948
matmul_f64,256,deno,3,1,0.06814887266666385,0.06872657399999582,0.0009133763059840457,0.06685948199999814,0.06886056199999757
matmul_f64,256,elixir,3,1,43.971816005,43.94626126700001,0.0782416398391944,43.891357931000016,44.07782881699998
matmul_f64,256,lua,3,1,0.535122087999999,0.5345143849999658,0.0011010681647401768,0.5341843479999966,0.5366675310000346
matmul_f64,256,julia,3,1,1.0628115913333431,1.0610399340000072,0.002876553789326864,1.0605260220000332,1.066868817999989
string_kmp,5000000 16,c,3,1,0.016562542666671714,0.016448921999995036,0.00028246134562875957,0.01628769899997451,0.016951007000045593
string_kmp,5000000 16,cpp,3,1,0.018725578333336063,0.018663387000003695,0.0000980553166962051,0.018649336000009953,0.018864011999994545
string_kmp,5000000 16,rust,3,1,0.015152134333334288,0.015117567999993753,0.00019507840142628737,0.014932378999958473,0.015406456000050639
string_kmp,5000000 16,go,3,1,0.02109308433332065,0.021068466999963675,0.0002525974679981576,0.02079676099998551,0.02141402500001277
string_kmp,5000000 16,java,3,1,0.04651473866664446,0.046435234999989916,0.00024783182780794237,0.046258871999953044,0.046850108999990425
string_kmp,5000000 16,kotlin,3,1,0.06213154799998696,0.06215909100001227,0.0008875230032495135,0.0610310489999506,0.063204503999998
string_kmp,5000000 16,csharp,3,1,0.10964488366664682,0.10727477699998644,0.005967505639137129,0.1038154069999564,0.11784446699999762
string_kmp,5000000 16,swift,3,1,0.025338629000013196,0.02554167199997437,0.0006363871519009642,0.02447779000004857,0.025996425000016643
string_kmp,5000000 16,node,3,1,0.09211179066666848,0.09206000400001813,0.0007682966634547658,0.09119778599995243,0.09307758200003491
string_kmp,5000000 16,bun,3,1,0.6281347479999795,0.6279170799999747,0.000888655972363847,0.6271716539999943,0.6293155099999694
string_kmp,5000000 16,python,3,1,1.3348735880000124,1.3352977110000097,0.0021428335780649672,1.3320629319999853,1.3372601210000425
string_kmp,5000000 16,d,3,1,0.016312123666674932,0.016341317000012623,0.000043548527731987495,0.016250564000017675,0.016344489999994494
string_kmp,5000000 16,nim,3,1,0.02343640566668152,0.023392681000018456,0.00010708549962385998,0.023332701000015277,0.023583835000010822
string_kmp,5000000 16,pypy,3,1,0.1383492283333491,0.14121870100001388,0.004880655573531753,0.13147796800001288,0.14235101600002054
string_kmp,5000000 16,deno,3,1,0.09266485433331202,0.09247226899998395,0.005715256653457775,0.08576340299998719,0.09975889099996493
string_kmp,5000000 16,elixir,3,1,2.5112594863333393,2.502459705999968,0.0880362951964771,2.408107032000032,2.6232117210000183
string_kmp,5000000 16,lua,3,1,1.548928903666668,1.54491442799997,0.007568103917087433,1.5423438610000062,1.559528422000028
string_kmp,5000000 16,julia,3,1,1.1291799189999854,1.138293142000009,0.03576659757658056,1.0815351869999859,1.1677114279999614